https://doi.org/10.25504/fairsharing.j0t0pe	/Users/wanjun/Desktop/BioRouter/biokf/reviews/mass-spectrometry-proteomics-single-cells-clinical/citations/10.1126_science.1260419.md
https://journals.plos.org/plosone/article/file?id=10.1371/journal.pone.0015004&type=printable	/Users/wanjun/Desktop/BioRouter/biokf/reviews/mass-spectrometry-proteomics-single-cells-clinical/citations/10.1371_journal.pone.0015004.md
https://journals.plos.org/plosone/article/file?id=10.1371/journal.pone.0095192&type=printable	/Users/wanjun/Desktop/BioRouter/biokf/reviews/mass-spectrometry-proteomics-single-cells-clinical/citations/10.1371_journal.pone.0095192.md
https://onlinelibrary.wiley.com/doi/pdfdirect/10.15252/msb.20145625	/Users/wanjun/Desktop/BioRouter/biokf/reviews/mass-spectrometry-proteomics-single-cells-clinical/citations/10.15252_msb.20145625.md
https://www.mcponline.org/content/mcprot/18/5/1027.full.pdf	/Users/wanjun/Desktop/BioRouter/biokf/reviews/mass-spectrometry-proteomics-single-cells-clinical/citations/10.1074_mcp.tir118.001270.md
https://febs.onlinelibrary.wiley.com/doi/pdfdirect/10.1002/1878-0261.12570	/Users/wanjun/Desktop/BioRouter/biokf/reviews/mass-spectrometry-proteomics-single-cells-clinical/citations/10.1002_1878-0261.12570.md
https://www.science.org/doi/pdf/10.1126/sciadv.abb9314?download=true	/Users/wanjun/Desktop/BioRouter/biokf/reviews/mass-spectrometry-proteomics-single-cells-clinical/citations/10.1126_sciadv.abb9314.md
https://www.nature.com/articles/s41586-023-06923-7.pdf	/Users/wanjun/Desktop/BioRouter/biokf/reviews/mass-spectrometry-proteomics-single-cells-clinical/citations/10.1038_s41586-023-06923-7.md
https://www.tandfonline.com/doi/pdf/10.1080/14789450.2022.2134780?needAccess=true	/Users/wanjun/Desktop/BioRouter/biokf/reviews/mass-spectrometry-proteomics-single-cells-clinical/citations/10.1080_14789450.2022.2134780.md
https://www.mcponline.org/content/mcprot/17/11/2284.full.pdf	/Users/wanjun/Desktop/BioRouter/biokf/reviews/mass-spectrometry-proteomics-single-cells-clinical/citations/10.1074_mcp.tir118.000853.md
https://www.annualreviews.org/doi/pdf/10.1146/annurev-anchem-071114-040325	/Users/wanjun/Desktop/BioRouter/biokf/reviews/mass-spectrometry-proteomics-single-cells-clinical/citations/10.1146_annurev-anchem-071114-040325.md
https://europepmc.org/articles/PMC8453224?pdf=render	/Users/wanjun/Desktop/BioRouter/biokf/reviews/mass-spectrometry-proteomics-single-cells-clinical/citations/10.1016_j.mcpro.2021.100138.md
https://pubs.acs.org/doi/pdf/10.1021/acs.analchem.3c02856	/Users/wanjun/Desktop/BioRouter/biokf/reviews/mass-spectrometry-proteomics-single-cells-clinical/citations/10.1021_acs.analchem.3c02856.md
https://www.nature.com/articles/s41587-023-02099-7.pdf	/Users/wanjun/Desktop/BioRouter/biokf/reviews/mass-spectrometry-proteomics-single-cells-clinical/citations/10.1038_s41587-023-02099-7.md
https://www.mcponline.org/content/mcprot/11/6/O111.016717.full.pdf	/Users/wanjun/Desktop/BioRouter/biokf/reviews/mass-spectrometry-proteomics-single-cells-clinical/citations/10.1074_mcp.o111.016717.md
https://pureadmin.qub.ac.uk/ws/files/222814322/Meier_et_al_diaPASEF_author_preprint.pdf	/Users/wanjun/Desktop/BioRouter/biokf/reviews/mass-spectrometry-proteomics-single-cells-clinical/citations/10.1038_s41592-020-00998-0.md
https://pureadmin.qub.ac.uk/ws/files/181247078/Rost_H_2014.pdf	/Users/wanjun/Desktop/BioRouter/biokf/reviews/mass-spectrometry-proteomics-single-cells-clinical/citations/10.1038_nbt.2841.md
https://europepmc.org/articles/PMC5724188?pdf=render	/Users/wanjun/Desktop/BioRouter/biokf/reviews/mass-spectrometry-proteomics-single-cells-clinical/citations/10.1074_mcp.ra117.000314.md
https://europepmc.org/articles/PMC6949130?pdf=render	/Users/wanjun/Desktop/BioRouter/biokf/reviews/mass-spectrometry-proteomics-single-cells-clinical/citations/10.1038_s41592-019-0638-x.md
http://www.mcponline.org/article/S1535947622002456/pdf	/Users/wanjun/Desktop/BioRouter/biokf/reviews/mass-spectrometry-proteomics-single-cells-clinical/citations/10.1016_j.mcpro.2022.100437.md
https://www.nature.com/articles/s41467-024-46485-4.pdf	/Users/wanjun/Desktop/BioRouter/biokf/reviews/mass-spectrometry-proteomics-single-cells-clinical/citations/10.1038_s41467-024-46485-4.md
https://europepmc.org/articles/PMC9711518?pdf=render	/Users/wanjun/Desktop/BioRouter/biokf/reviews/mass-spectrometry-proteomics-single-cells-clinical/citations/10.7554_elife.83947.md
http://www.mcponline.org/article/S1535947622002973/pdf	/Users/wanjun/Desktop/BioRouter/biokf/reviews/mass-spectrometry-proteomics-single-cells-clinical/citations/10.1016_j.mcpro.2022.100489.md
https://www.nature.com/articles/ncomms14271.pdf	/Users/wanjun/Desktop/BioRouter/biokf/reviews/mass-spectrometry-proteomics-single-cells-clinical/citations/10.1038_ncomms14271.md
https://www.pnas.org/content/pnas/112/52/15898.full.pdf	/Users/wanjun/Desktop/BioRouter/biokf/reviews/mass-spectrometry-proteomics-single-cells-clinical/citations/10.1073_pnas.1508380112.md
https://www.nature.com/articles/s41592-022-01454-x.pdf	/Users/wanjun/Desktop/BioRouter/biokf/reviews/mass-spectrometry-proteomics-single-cells-clinical/citations/10.1038_s41592-022-01454-x.md
https://pmc.ncbi.nlm.nih.gov/articles/PMC7614574/pdf/EMS176149.pdf	/Users/wanjun/Desktop/BioRouter/biokf/reviews/mass-spectrometry-proteomics-single-cells-clinical/citations/10.1038_s43586-023-00205-2.md
https://europepmc.org/articles/PMC8210943?pdf=render	/Users/wanjun/Desktop/BioRouter/biokf/reviews/mass-spectrometry-proteomics-single-cells-clinical/citations/10.1021_acs.jproteome.1c00168.md
https://www.nature.com/articles/s41467-018-03309-6.pdf	/Users/wanjun/Desktop/BioRouter/biokf/reviews/mass-spectrometry-proteomics-single-cells-clinical/citations/10.1038_s41467-018-03309-6.md
http://www.cell.com/article/S0092867409007156/pdf	/Users/wanjun/Desktop/BioRouter/biokf/reviews/mass-spectrometry-proteomics-single-cells-clinical/citations/10.1016_j.cell.2009.05.051.md
https://zenodo.org/record/3426000	/Users/wanjun/Desktop/BioRouter/biokf/reviews/mass-spectrometry-proteomics-single-cells-clinical/citations/10.1038_nmeth.2015.md
https://www.mcponline.org/content/mcprot/18/5/982.full.pdf	/Users/wanjun/Desktop/BioRouter/biokf/reviews/mass-spectrometry-proteomics-single-cells-clinical/citations/10.1074_mcp.tir118.001131.md
http://www.cell.com/article/S2405471221002507/pdf	/Users/wanjun/Desktop/BioRouter/biokf/reviews/mass-spectrometry-proteomics-single-cells-clinical/citations/10.1016_j.cels.2021.06.006.md
https://pmc.ncbi.nlm.nih.gov/articles/PMC12617825/pdf/nihms-2110763.pdf	/Users/wanjun/Desktop/BioRouter/biokf/reviews/mass-spectrometry-proteomics-single-cells-clinical/citations/10.1038_s41592-024-02324-4.md
https://www.nature.com/articles/s41587-021-01145-6.pdf	/Users/wanjun/Desktop/BioRouter/biokf/reviews/mass-spectrometry-proteomics-single-cells-clinical/citations/10.1038_s41587-021-01145-6.md
http://www.cell.com/article/S2405471217301886/pdf	/Users/wanjun/Desktop/BioRouter/biokf/reviews/mass-spectrometry-proteomics-single-cells-clinical/citations/10.1016_j.cels.2017.05.009.md
https://www.nature.com/articles/s41587-023-01714-x.pdf	/Users/wanjun/Desktop/BioRouter/biokf/reviews/mass-spectrometry-proteomics-single-cells-clinical/citations/10.1038_s41587-023-01714-x.md
https://europepmc.org/articles/PMC3018165?pdf=render	/Users/wanjun/Desktop/BioRouter/biokf/reviews/mass-spectrometry-proteomics-single-cells-clinical/citations/10.1038_msb.2010.106.md
https://www.nature.com/articles/s41467-020-19045-9.pdf	/Users/wanjun/Desktop/BioRouter/biokf/reviews/mass-spectrometry-proteomics-single-cells-clinical/citations/10.1038_s41467-020-19045-9.md
https://escholarship.org/content/qt96m1n5z5/qt96m1n5z5.pdf	/Users/wanjun/Desktop/BioRouter/biokf/reviews/mass-spectrometry-proteomics-single-cells-clinical/citations/10.1126_science.aay0262.md
http://www.cell.com/article/S0092867416302707/pdf	/Users/wanjun/Desktop/BioRouter/biokf/reviews/mass-spectrometry-proteomics-single-cells-clinical/citations/10.1016_j.cell.2016.03.014.md
http://www.mcponline.org/article/S1535947623001470/pdf	/Users/wanjun/Desktop/BioRouter/biokf/reviews/mass-spectrometry-proteomics-single-cells-clinical/citations/10.1016_j.mcpro.2023.100636.md
http://www.mcponline.org/article/S1535947621000293/pdf	/Users/wanjun/Desktop/BioRouter/biokf/reviews/mass-spectrometry-proteomics-single-cells-clinical/citations/10.1074_mcp.r120.002208.md
http://www.mcponline.org/article/S1535947620351306/pdf	/Users/wanjun/Desktop/BioRouter/biokf/reviews/mass-spectrometry-proteomics-single-cells-clinical/citations/10.1074_mcp.r120.002190.md
http://www.cell.com/article/S1550413114004999/pdf	/Users/wanjun/Desktop/BioRouter/biokf/reviews/mass-spectrometry-proteomics-single-cells-clinical/citations/10.1016_j.cmet.2014.11.002.md
https://pmc.ncbi.nlm.nih.gov/articles/PMC10044470/pdf/nihms-1883706.pdf	/Users/wanjun/Desktop/BioRouter/biokf/reviews/mass-spectrometry-proteomics-single-cells-clinical/citations/10.1038_s41592-023-01802-5.md
https://pmc.ncbi.nlm.nih.gov/articles/PMC10548357/pdf/nihms-1932471.pdf	/Users/wanjun/Desktop/BioRouter/biokf/reviews/mass-spectrometry-proteomics-single-cells-clinical/citations/10.1038_s41592-020-01010-5.md
http://www.cell.com/article/S0165614723000901/pdf	/Users/wanjun/Desktop/BioRouter/biokf/reviews/mass-spectrometry-proteomics-single-cells-clinical/citations/10.1016_j.tips.2023.04.007.md
https://www.nature.com/articles/s41586-023-06739-5.pdf	/Users/wanjun/Desktop/BioRouter/biokf/reviews/mass-spectrometry-proteomics-single-cells-clinical/citations/10.1038_s41586-023-06739-5.md
https://www.nature.com/articles/s41467-022-29346-w.pdf	/Users/wanjun/Desktop/BioRouter/biokf/reviews/mass-spectrometry-proteomics-single-cells-clinical/citations/10.1038_s41467-022-29346-w.md
https://www.nature.com/articles/s41586-021-04352-y.pdf	/Users/wanjun/Desktop/BioRouter/biokf/reviews/mass-spectrometry-proteomics-single-cells-clinical/citations/10.1038_s41586-021-04352-y.md
http://www.cell.com/article/S0092867418315538/pdf	/Users/wanjun/Desktop/BioRouter/biokf/reviews/mass-spectrometry-proteomics-single-cells-clinical/citations/10.1016_j.cell.2018.11.028.md
https://doi.org/10.1021/acs.analchem.5b04123	/Users/wanjun/Desktop/BioRouter/biokf/reviews/mass-spectrometry-proteomics-single-cells-clinical/citations/10.1021_acs.analchem.5b04123.md
https://www.mcponline.org/article/S1535-9476(22)00087-1/pdf	/Users/wanjun/Desktop/BioRouter/biokf/reviews/mass-spectrometry-proteomics-single-cells-clinical/citations/10.1016_j.mcpro.2022.100279.md
https://pmc.ncbi.nlm.nih.gov/articles/PMC10510590/pdf/nihms-1927851.pdf	/Users/wanjun/Desktop/BioRouter/biokf/reviews/mass-spectrometry-proteomics-single-cells-clinical/citations/10.1021_acs.jproteome.2c00850.md
https://europepmc.org/articles/PMC6543536?pdf=render	/Users/wanjun/Desktop/BioRouter/biokf/reviews/mass-spectrometry-proteomics-single-cells-clinical/citations/10.1007_978-1-4939-9232-4_5.md
https://pmc.ncbi.nlm.nih.gov/articles/PMC7615311/pdf/EMS173913.pdf	/Users/wanjun/Desktop/BioRouter/biokf/reviews/mass-spectrometry-proteomics-single-cells-clinical/citations/10.1126_science.ade3925.md
http://nrs.harvard.edu/urn-3:HUL.InstRepos:10605430	/Users/wanjun/Desktop/BioRouter/biokf/reviews/mass-spectrometry-proteomics-single-cells-clinical/citations/10.1038_nmeth.1970.md
https://europepmc.org/articles/PMC8168922?pdf=render	/Users/wanjun/Desktop/BioRouter/biokf/reviews/mass-spectrometry-proteomics-single-cells-clinical/citations/10.1016_j.cell.2020.10.029.md
http://www.cell.com/article/S1550413116305356/pdf	/Users/wanjun/Desktop/BioRouter/biokf/reviews/mass-spectrometry-proteomics-single-cells-clinical/citations/10.1016_j.cmet.2016.10.004.md
http://www.cell.com/article/S0092867424003155/pdf	/Users/wanjun/Desktop/BioRouter/biokf/reviews/mass-spectrometry-proteomics-single-cells-clinical/citations/10.1016_j.cell.2024.03.024.md
https://europepmc.org/articles/PMC7100915?pdf=render	/Users/wanjun/Desktop/BioRouter/biokf/reviews/mass-spectrometry-proteomics-single-cells-clinical/citations/10.1038_s41587-019-0344-3.md
https://journals.plos.org/plosbiology/article/file?id=10.1371/journal.pbio.3001636&type=printable	/Users/wanjun/Desktop/BioRouter/biokf/reviews/mass-spectrometry-proteomics-single-cells-clinical/citations/10.1371_journal.pbio.3001636.md
https://europepmc.org/articles/PMC11303401?pdf=render	/Users/wanjun/Desktop/BioRouter/biokf/reviews/mass-spectrometry-proteomics-single-cells-clinical/citations/10.1038_s41467-024-51071-9.md
https://europepmc.org/articles/PMC7612524?pdf=render	/Users/wanjun/Desktop/BioRouter/biokf/reviews/mass-spectrometry-proteomics-single-cells-clinical/citations/10.1038_s41587-021-01051-x.md
http://www.cell.com/article/S0968000420301262/pdf	/Users/wanjun/Desktop/BioRouter/biokf/reviews/mass-spectrometry-proteomics-single-cells-clinical/citations/10.1016_j.tibs.2020.05.006.md
https://www.nature.com/articles/s41592-019-0459-y.pdf	/Users/wanjun/Desktop/BioRouter/biokf/reviews/mass-spectrometry-proteomics-single-cells-clinical/citations/10.1038_s41592-019-0459-y.md
https://europepmc.org/articles/PMC4253076?pdf=render	/Users/wanjun/Desktop/BioRouter/biokf/reviews/mass-spectrometry-proteomics-single-cells-clinical/citations/10.1016_j.sbi.2014.08.007.md
https://escholarship.org/content/qt7d35g52n/qt7d35g52n.pdf?t=seafmf	/Users/wanjun/Desktop/BioRouter/biokf/reviews/mass-spectrometry-proteomics-single-cells-clinical/citations/10.1016_j.cbpa.2023.102357.md
https://doi.org/10.1016/j.sbi.2023.102599	/Users/wanjun/Desktop/BioRouter/biokf/reviews/mass-spectrometry-proteomics-single-cells-clinical/citations/10.1016_j.sbi.2023.102599.md
https://www.nature.com/articles/s41467-021-23666-z.pdf	/Users/wanjun/Desktop/BioRouter/biokf/reviews/mass-spectrometry-proteomics-single-cells-clinical/citations/10.1038_s41467-021-23666-z.md
https://europepmc.org/articles/PMC8364181?pdf=render	/Users/wanjun/Desktop/BioRouter/biokf/reviews/mass-spectrometry-proteomics-single-cells-clinical/citations/10.1073_pnas.2023360118.md
https://europepmc.org/articles/PMC9303249?pdf=render	/Users/wanjun/Desktop/BioRouter/biokf/reviews/mass-spectrometry-proteomics-single-cells-clinical/citations/10.1002_anie.202113937.md
https://onlinelibrary.wiley.com/doi/pdfdirect/10.15252/msb.20198994	/Users/wanjun/Desktop/BioRouter/biokf/reviews/mass-spectrometry-proteomics-single-cells-clinical/citations/10.15252_msb.20198994.md
https://www.nature.com/articles/s41592-024-02478-1.pdf	/Users/wanjun/Desktop/BioRouter/biokf/reviews/mass-spectrometry-proteomics-single-cells-clinical/citations/10.1038_s41592-024-02478-1.md
https://www.nature.com/articles/s41587-023-01704-z.pdf	/Users/wanjun/Desktop/BioRouter/biokf/reviews/mass-spectrometry-proteomics-single-cells-clinical/citations/10.1038_s41587-023-01704-z.md
http://www.cell.com/article/S0092867417314484/pdf	/Users/wanjun/Desktop/BioRouter/biokf/reviews/mass-spectrometry-proteomics-single-cells-clinical/citations/10.1016_j.cell.2017.12.006.md
https://europepmc.org/articles/PMC9893943?pdf=render	/Users/wanjun/Desktop/BioRouter/biokf/reviews/mass-spectrometry-proteomics-single-cells-clinical/citations/10.1038_s43587-022-00196-x.md
http://www.cell.com/article/S0092867421013799/pdf	/Users/wanjun/Desktop/BioRouter/biokf/reviews/mass-spectrometry-proteomics-single-cells-clinical/citations/10.1016_j.cell.2021.11.029.md
https://www.nature.com/articles/nrd.2017.111.pdf	/Users/wanjun/Desktop/BioRouter/biokf/reviews/mass-spectrometry-proteomics-single-cells-clinical/citations/10.1038_nrd.2017.111.md
https://www.nature.com/articles/s41467-018-03367-w.pdf	/Users/wanjun/Desktop/BioRouter/biokf/reviews/mass-spectrometry-proteomics-single-cells-clinical/citations/10.1038_s41467-018-03367-w.md
https://genomebiology.biomedcentral.com/track/pdf/10.1186/s13059-018-1547-5	/Users/wanjun/Desktop/BioRouter/biokf/reviews/mass-spectrometry-proteomics-single-cells-clinical/citations/10.1186_s13059-018-1547-5.md
https://www.nature.com/articles/s41467-021-27778-4.pdf	/Users/wanjun/Desktop/BioRouter/biokf/reviews/mass-spectrometry-proteomics-single-cells-clinical/citations/10.1038_s41467-021-27778-4.md
https://push-zb.helmholtz-munich.de/deliver.php?id=32574	/Users/wanjun/Desktop/BioRouter/biokf/reviews/mass-spectrometry-proteomics-single-cells-clinical/citations/10.15252_msb.202110798.md
https://europepmc.org/articles/PMC9839897?pdf=render	/Users/wanjun/Desktop/BioRouter/biokf/reviews/mass-spectrometry-proteomics-single-cells-clinical/citations/10.1038_s41587-022-01389-w.md
https://link.springer.com/content/pdf/10.1007/978-1-0716-3934-4_9.pdf	/Users/wanjun/Desktop/BioRouter/biokf/reviews/mass-spectrometry-proteomics-single-cells-clinical/citations/10.1007_978-1-0716-3934-4_9.md
https://www.nature.com/articles/s41592-024-02558-2.pdf	/Users/wanjun/Desktop/BioRouter/biokf/reviews/mass-spectrometry-proteomics-single-cells-clinical/citations/10.1038_s41592-024-02558-2.md
https://www.nature.com/articles/s41467-024-46777-9.pdf	/Users/wanjun/Desktop/BioRouter/biokf/reviews/mass-spectrometry-proteomics-single-cells-clinical/citations/10.1038_s41467-024-46777-9.md
https://www.nature.com/articles/s41467-024-49651-w.pdf	/Users/wanjun/Desktop/BioRouter/biokf/reviews/mass-spectrometry-proteomics-single-cells-clinical/citations/10.1038_s41467-024-49651-w.md
https://www.nature.com/articles/s41587-022-01302-5.pdf	/Users/wanjun/Desktop/BioRouter/biokf/reviews/mass-spectrometry-proteomics-single-cells-clinical/citations/10.1038_s41587-022-01302-5.md
https://europepmc.org/articles/PMC11602713?pdf=render	/Users/wanjun/Desktop/BioRouter/biokf/reviews/mass-spectrometry-proteomics-single-cells-clinical/citations/10.1038_s41586-024-08061-0.md
https://www.nature.com/articles/s41467-024-53683-7.pdf	/Users/wanjun/Desktop/BioRouter/biokf/reviews/mass-spectrometry-proteomics-single-cells-clinical/citations/10.1038_s41467-024-53683-7.md
https://www.nature.com/articles/s41467-022-35367-2.pdf	/Users/wanjun/Desktop/BioRouter/biokf/reviews/mass-spectrometry-proteomics-single-cells-clinical/citations/10.1038_s41467-022-35367-2.md
https://onlinelibrary.wiley.com/doi/pdfdirect/10.15252/msb.20156297	/Users/wanjun/Desktop/BioRouter/biokf/reviews/mass-spectrometry-proteomics-single-cells-clinical/citations/10.15252_msb.20156297.md
https://www.nature.com/articles/s41591-022-01850-y.pdf	/Users/wanjun/Desktop/BioRouter/biokf/reviews/mass-spectrometry-proteomics-single-cells-clinical/citations/10.1038_s41591-022-01850-y.md
http://www.cell.com/article/S2666379123003257/pdf	/Users/wanjun/Desktop/BioRouter/biokf/reviews/mass-spectrometry-proteomics-single-cells-clinical/citations/10.1016_j.xcrm.2023.101172.md
http://www.cell.com/article/S2405471220301976/pdf	/Users/wanjun/Desktop/BioRouter/biokf/reviews/mass-spectrometry-proteomics-single-cells-clinical/citations/10.1016_j.cels.2020.05.012.md
https://www.science.org/doi/pdf/10.1126/scitranslmed.adh0185?download=true	/Users/wanjun/Desktop/BioRouter/biokf/reviews/mass-spectrometry-proteomics-single-cells-clinical/citations/10.1126_scitranslmed.adh0185.md
http://www.cell.com/article/S0092867420306279/pdf	/Users/wanjun/Desktop/BioRouter/biokf/reviews/mass-spectrometry-proteomics-single-cells-clinical/citations/10.1016_j.cell.2020.05.032.md
https://www.nature.com/articles/s41467-020-17033-7.pdf	/Users/wanjun/Desktop/BioRouter/biokf/reviews/mass-spectrometry-proteomics-single-cells-clinical/citations/10.1038_s41467-020-17033-7.md
https://pubs.acs.org/doi/pdf/10.1021/acs.jproteome.3c00357	/Users/wanjun/Desktop/BioRouter/biokf/reviews/mass-spectrometry-proteomics-single-cells-clinical/citations/10.1021_acs.jproteome.3c00357.md
https://www.science.org/doi/pdf/10.1126/sciadv.adf9717?download=true	/Users/wanjun/Desktop/BioRouter/biokf/reviews/mass-spectrometry-proteomics-single-cells-clinical/citations/10.1126_sciadv.adf9717.md
https://www.mcponline.org/article/S1535-9476(24)00076-8/pdf	/Users/wanjun/Desktop/BioRouter/biokf/reviews/mass-spectrometry-proteomics-single-cells-clinical/citations/10.1016_j.mcpro.2024.100786.md
http://www.mcponline.org/article/S1535947623000889/pdf	/Users/wanjun/Desktop/BioRouter/biokf/reviews/mass-spectrometry-proteomics-single-cells-clinical/citations/10.1016_j.mcpro.2023.100577.md
https://www.science.org/doi/pdf/10.1126/sciadv.abm5164?download=true	/Users/wanjun/Desktop/BioRouter/biokf/reviews/mass-spectrometry-proteomics-single-cells-clinical/citations/10.1126_sciadv.abm5164.md
https://pmc.ncbi.nlm.nih.gov/articles/PMC11629384/pdf/pr4c00586.pdf	/Users/wanjun/Desktop/BioRouter/biokf/reviews/mass-spectrometry-proteomics-single-cells-clinical/citations/10.1021_acs.jproteome.4c00586.md
http://www.cell.com/article/S2211124721017836/pdf	/Users/wanjun/Desktop/BioRouter/biokf/reviews/mass-spectrometry-proteomics-single-cells-clinical/citations/10.1016_j.celrep.2021.110271.md
https://link.springer.com/content/pdf/10.15252/emmm.202013257.pdf	/Users/wanjun/Desktop/BioRouter/biokf/reviews/mass-spectrometry-proteomics-single-cells-clinical/citations/10.15252_emmm.202013257.md
https://europepmc.org/articles/PMC8940649?pdf=render	/Users/wanjun/Desktop/BioRouter/biokf/reviews/mass-spectrometry-proteomics-single-cells-clinical/citations/10.1159_000520680.md
https://pmc.ncbi.nlm.nih.gov/articles/PMC12404316/	/Users/wanjun/Desktop/BioRouter/biokf/reviews/mass-spectrometry-proteomics-single-cells-clinical/citations/10.1038_s41568-022-00446-5.md
http://www.cell.com/article/S1535610823002192/pdf	/Users/wanjun/Desktop/BioRouter/biokf/reviews/mass-spectrometry-proteomics-single-cells-clinical/citations/10.1016_j.ccell.2023.06.009.md
https://pureadmin.qub.ac.uk/ws/files/181246237/Guo_Rapid_Conversion_authors_preprint.pdf	/Users/wanjun/Desktop/BioRouter/biokf/reviews/mass-spectrometry-proteomics-single-cells-clinical/citations/10.1038_nm.3807.md
https://www.nature.com/articles/s41596-022-00727-1.pdf	/Users/wanjun/Desktop/BioRouter/biokf/reviews/mass-spectrometry-proteomics-single-cells-clinical/citations/10.1038_s41596-022-00727-1.md
https://europepmc.org/articles/PMC5101938?pdf=render	/Users/wanjun/Desktop/BioRouter/biokf/reviews/mass-spectrometry-proteomics-single-cells-clinical/citations/10.1056_nejmp1500523.md
https://doi.org/10.2471/blt.16.187468	/Users/wanjun/Desktop/BioRouter/biokf/reviews/mass-spectrometry-proteomics-single-cells-clinical/citations/10.2471_blt.16.187468.md
https://clinicalproteomicsjournal.biomedcentral.com/counter/pdf/10.1186/s12014-024-09455-y	/Users/wanjun/Desktop/BioRouter/biokf/reviews/mass-spectrometry-proteomics-single-cells-clinical/citations/10.1186_s12014-024-09455-y.md
https://www.nature.com/articles/s41421-022-00442-x.pdf	/Users/wanjun/Desktop/BioRouter/biokf/reviews/mass-spectrometry-proteomics-single-cells-clinical/citations/10.1038_s41421-022-00442-x.md
http://www.cell.com/article/S2666379123001155/pdf	/Users/wanjun/Desktop/BioRouter/biokf/reviews/mass-spectrometry-proteomics-single-cells-clinical/citations/10.1016_j.xcrm.2023.101005.md
https://escholarship.org/content/qt8st2d5mx/qt8st2d5mx.pdf	/Users/wanjun/Desktop/BioRouter/biokf/reviews/mass-spectrometry-proteomics-single-cells-clinical/citations/10.1038_s41586-023-06139-9.md
https://www.nature.com/articles/s41586-023-05881-4.pdf	/Users/wanjun/Desktop/BioRouter/biokf/reviews/mass-spectrometry-proteomics-single-cells-clinical/citations/10.1038_s41586-023-05881-4.md
https://pmc.ncbi.nlm.nih.gov/articles/PMC11605689/pdf/main.pdf	/Users/wanjun/Desktop/BioRouter/biokf/reviews/mass-spectrometry-proteomics-single-cells-clinical/citations/10.1016_j.xgen.2024.100691.md
https://www.biorxiv.org/content/biorxiv/early/2024/04/17/2024.04.15.589472.full.pdf	/Users/wanjun/Desktop/BioRouter/biokf/reviews/mass-spectrometry-proteomics-single-cells-clinical/citations/10.1101_2024.04.15.589472.md
https://ueaeprints.uea.ac.uk/id/eprint/99987/1/_-HuB_the_proteomic_navigator_of_the_human_body.pdf	/Users/wanjun/Desktop/BioRouter/biokf/reviews/mass-spectrometry-proteomics-single-cells-clinical/citations/10.1038_s41586-024-08280-5.md
