https://onlinelibrary.wiley.com/doi/pdfdirect/10.1002/pmic.201700312	/Users/wanjun/Desktop/BioRouter/biokf/reviews/exploring-tissue-architecture-spatial-transcriptomics/citations/10.1002_pmic.201700312.md
http://www.cell.com/article/S016895251630169X/pdf	/Users/wanjun/Desktop/BioRouter/biokf/reviews/exploring-tissue-architecture-spatial-transcriptomics/citations/10.1016_j.tig.2016.12.003.md
https://www.nature.com/articles/nature21350.pdf	/Users/wanjun/Desktop/BioRouter/biokf/reviews/exploring-tissue-architecture-spatial-transcriptomics/citations/10.1038_nature21350.md
https://dev.biologists.org/content/develop/146/12/dev169854.full.pdf	/Users/wanjun/Desktop/BioRouter/biokf/reviews/exploring-tissue-architecture-spatial-transcriptomics/citations/10.1242_dev.169854.md
https://science.sciencemag.org/content/sci/358/6359/58.full.pdf	/Users/wanjun/Desktop/BioRouter/biokf/reviews/exploring-tissue-architecture-spatial-transcriptomics/citations/10.1126_science.aan6828.md
https://europepmc.org/articles/PMC6477686?pdf=render	/Users/wanjun/Desktop/BioRouter/biokf/reviews/exploring-tissue-architecture-spatial-transcriptomics/citations/10.1038_s41556-018-0236-7.md
https://journals.plos.org/plosone/article/file?id=10.1371/journal.pone.0071820&type=printable	/Users/wanjun/Desktop/BioRouter/biokf/reviews/exploring-tissue-architecture-spatial-transcriptomics/citations/10.1371_journal.pone.0071820.md
http://www.cell.com/article/S0092867414012264/pdf	/Users/wanjun/Desktop/BioRouter/biokf/reviews/exploring-tissue-architecture-spatial-transcriptomics/citations/10.1016_j.cell.2014.09.038.md
https://www.ahajournals.org/doi/pdf/10.1161/CIRCULATIONAHA.117.027832	/Users/wanjun/Desktop/BioRouter/biokf/reviews/exploring-tissue-architecture-spatial-transcriptomics/citations/10.1161_circulationaha.117.027832.md
https://pure.knaw.nl/portal/en/publications/b005ad90-e461-4e36-9f2f-b227c6867ed3	/Users/wanjun/Desktop/BioRouter/biokf/reviews/exploring-tissue-architecture-spatial-transcriptomics/citations/10.1038_s41586-020-2024-3.md
https://www.nature.com/articles/ncomms12139.pdf	/Users/wanjun/Desktop/BioRouter/biokf/reviews/exploring-tissue-architecture-spatial-transcriptomics/citations/10.1038_ncomms12139.md
https://www.biorxiv.org/content/biorxiv/early/2019/10/21/334417.full.pdf	/Users/wanjun/Desktop/BioRouter/biokf/reviews/exploring-tissue-architecture-spatial-transcriptomics/citations/10.1101_334417.md
http://www.cell.com/article/S0092867418311644/pdf	/Users/wanjun/Desktop/BioRouter/biokf/reviews/exploring-tissue-architecture-spatial-transcriptomics/citations/10.1016_j.cell.2018.08.063.md
https://science.sciencemag.org/content/sci/352/6282/189.full.pdf	/Users/wanjun/Desktop/BioRouter/biokf/reviews/exploring-tissue-architecture-spatial-transcriptomics/citations/10.1126_science.aad0501.md
https://europepmc.org/articles/PMC6546596?pdf=render	/Users/wanjun/Desktop/BioRouter/biokf/reviews/exploring-tissue-architecture-spatial-transcriptomics/citations/10.1038_nbt.4231.md
https://www.nature.com/articles/s41467-021-23245-2.pdf	/Users/wanjun/Desktop/BioRouter/biokf/reviews/exploring-tissue-architecture-spatial-transcriptomics/citations/10.1038_s41467-021-23245-2.md
https://europepmc.org/articles/PMC4430369?pdf=render	/Users/wanjun/Desktop/BioRouter/biokf/reviews/exploring-tissue-architecture-spatial-transcriptomics/citations/10.1038_nbt.3192.md
https://journals.plos.org/ploscompbiol/article/file?id=10.1371/journal.pcbi.1003824&type=printable	/Users/wanjun/Desktop/BioRouter/biokf/reviews/exploring-tissue-architecture-spatial-transcriptomics/citations/10.1371_journal.pcbi.1003824.md
https://www.nature.com/articles/s41467-020-15968-5.pdf	/Users/wanjun/Desktop/BioRouter/biokf/reviews/exploring-tissue-architecture-spatial-transcriptomics/citations/10.1038_s41467-020-15968-5.md
https://europepmc.org/articles/PMC9805800?pdf=render	/Users/wanjun/Desktop/BioRouter/biokf/reviews/exploring-tissue-architecture-spatial-transcriptomics/citations/10.1038_s41592-020-01037-8.md
https://onlinelibrary.wiley.com/doi/pdfdirect/10.1002/bies.201900221	/Users/wanjun/Desktop/BioRouter/biokf/reviews/exploring-tissue-architecture-spatial-transcriptomics/citations/10.1002_bies.201900221.md
https://www.nature.com/articles/s42003-020-01341-1.pdf	/Users/wanjun/Desktop/BioRouter/biokf/reviews/exploring-tissue-architecture-spatial-transcriptomics/citations/10.1038_s42003-020-01341-1.md
https://www.nature.com/articles/srep37137.pdf	/Users/wanjun/Desktop/BioRouter/biokf/reviews/exploring-tissue-architecture-spatial-transcriptomics/citations/10.1038_srep37137.md
https://zenodo.org/record/8215682	/Users/wanjun/Desktop/BioRouter/biokf/reviews/exploring-tissue-architecture-spatial-transcriptomics/citations/10.1158_0008-5472.can-18-0747.md
http://www.cell.com/article/S240547122030329X/pdf	/Users/wanjun/Desktop/BioRouter/biokf/reviews/exploring-tissue-architecture-spatial-transcriptomics/citations/10.1016_j.cels.2020.08.018.md
http://www.cell.com/article/S0092867420306723/pdf	/Users/wanjun/Desktop/BioRouter/biokf/reviews/exploring-tissue-architecture-spatial-transcriptomics/citations/10.1016_j.cell.2020.05.039.md
https://doi.org/10.1101/2021.01.11.426100	/Users/wanjun/Desktop/BioRouter/biokf/reviews/exploring-tissue-architecture-spatial-transcriptomics/citations/10.1101_2021.01.11.426100.md
https://www.science.org/doi/pdf/10.1126/sciadv.abb3446?download=true	/Users/wanjun/Desktop/BioRouter/biokf/reviews/exploring-tissue-architecture-spatial-transcriptomics/citations/10.1126_sciadv.abb3446.md
https://www.nature.com/articles/s41467-020-19920-5.pdf	/Users/wanjun/Desktop/BioRouter/biokf/reviews/exploring-tissue-architecture-spatial-transcriptomics/citations/10.1038_s41467-020-19920-5.md
http://www.cell.com/article/S0092867419312826/pdf	/Users/wanjun/Desktop/BioRouter/biokf/reviews/exploring-tissue-architecture-spatial-transcriptomics/citations/10.1016_j.cell.2019.11.025.md
https://europepmc.org/articles/PMC8606189?pdf=render	/Users/wanjun/Desktop/BioRouter/biokf/reviews/exploring-tissue-architecture-spatial-transcriptomics/citations/10.1038_s41587-020-0739-1.md
https://www.nature.com/articles/s41592-019-0548-y.pdf	/Users/wanjun/Desktop/BioRouter/biokf/reviews/exploring-tissue-architecture-spatial-transcriptomics/citations/10.1038_s41592-019-0548-y.md
http://www.cell.com/article/S0092867420313908/pdf	/Users/wanjun/Desktop/BioRouter/biokf/reviews/exploring-tissue-architecture-spatial-transcriptomics/citations/10.1016_j.cell.2020.10.026.md
https://www.biorxiv.org/content/biorxiv/early/2021/10/22/2021.01.17.427004.full.pdf	/Users/wanjun/Desktop/BioRouter/biokf/reviews/exploring-tissue-architecture-spatial-transcriptomics/citations/10.1101_2021.01.17.427004.md
http://www.cell.com/article/S0092867421006279/pdf	/Users/wanjun/Desktop/BioRouter/biokf/reviews/exploring-tissue-architecture-spatial-transcriptomics/citations/10.1016_j.cell.2021.05.010.md
https://www.biorxiv.org/content/biorxiv/early/2021/03/17/2021.03.17.435795.full.pdf	/Users/wanjun/Desktop/BioRouter/biokf/reviews/exploring-tissue-architecture-spatial-transcriptomics/citations/10.1101_2021.03.17.435795.md
https://zenodo.org/record/3426036	/Users/wanjun/Desktop/BioRouter/biokf/reviews/exploring-tissue-architecture-spatial-transcriptomics/citations/10.1038_nmeth.2563.md
http://www.cell.com/article/S2211124717314626/pdf	/Users/wanjun/Desktop/BioRouter/biokf/reviews/exploring-tissue-architecture-spatial-transcriptomics/citations/10.1016_j.celrep.2017.10.030.md
https://www.nature.com/articles/s41467-019-09816-4.pdf	/Users/wanjun/Desktop/BioRouter/biokf/reviews/exploring-tissue-architecture-spatial-transcriptomics/citations/10.1038_s41467-019-09816-4.md
https://www.nature.com/articles/s41467-019-08453-1.pdf	/Users/wanjun/Desktop/BioRouter/biokf/reviews/exploring-tissue-architecture-spatial-transcriptomics/citations/10.1038_s41467-019-08453-1.md
https://www.science.org/cms/asset/2755249e-a59e-45c9-b260-49ef59e0d929/pap.pdf	/Users/wanjun/Desktop/BioRouter/biokf/reviews/exploring-tissue-architecture-spatial-transcriptomics/citations/10.1126_science.aat5691.md
https://academic.oup.com/nar/article-pdf/46/4/e22/24214417/gkx1206.pdf	/Users/wanjun/Desktop/BioRouter/biokf/reviews/exploring-tissue-architecture-spatial-transcriptomics/citations/10.1093_nar_gkx1206.md
http://www.cell.com/article/S0092867419310748/pdf	/Users/wanjun/Desktop/BioRouter/biokf/reviews/exploring-tissue-architecture-spatial-transcriptomics/citations/10.1016_j.cell.2019.09.023.md
https://academic.oup.com/nar/article-pdf/48/19/e112/39506107/gkaa792.pdf	/Users/wanjun/Desktop/BioRouter/biokf/reviews/exploring-tissue-architecture-spatial-transcriptomics/citations/10.1093_nar_gkaa792.md
https://www.biorxiv.org/content/biorxiv/early/2019/08/06/722819.full.pdf	/Users/wanjun/Desktop/BioRouter/biokf/reviews/exploring-tissue-architecture-spatial-transcriptomics/citations/10.1101_722819.md
https://europepmc.org/articles/PMC7900882?pdf=render	/Users/wanjun/Desktop/BioRouter/biokf/reviews/exploring-tissue-architecture-spatial-transcriptomics/citations/10.1126_science.aax2656.md
https://infoscience.epfl.ch/handle/20.500.14299/156213	/Users/wanjun/Desktop/BioRouter/biokf/reviews/exploring-tissue-architecture-spatial-transcriptomics/citations/10.1038_s41592-018-0175-z.md
http://nrs.harvard.edu/urn-3:HUL.InstRepos:17467198	/Users/wanjun/Desktop/BioRouter/biokf/reviews/exploring-tissue-architecture-spatial-transcriptomics/citations/10.1126_science.aaa6090.md
https://www.pnas.org/content/pnas/113/39/11046.full.pdf	/Users/wanjun/Desktop/BioRouter/biokf/reviews/exploring-tissue-architecture-spatial-transcriptomics/citations/10.1073_pnas.1612826113.md
https://www.nature.com/articles/s41598-018-22297-7.pdf	/Users/wanjun/Desktop/BioRouter/biokf/reviews/exploring-tissue-architecture-spatial-transcriptomics/citations/10.1038_s41598-018-22297-7.md
https://www.nature.com/articles/s41598-019-43943-8.pdf	/Users/wanjun/Desktop/BioRouter/biokf/reviews/exploring-tissue-architecture-spatial-transcriptomics/citations/10.1038_s41598-019-43943-8.md
https://escholarship.org/content/qt2cs97827/qt2cs97827.pdf	/Users/wanjun/Desktop/BioRouter/biokf/reviews/exploring-tissue-architecture-spatial-transcriptomics/citations/10.1126_science.aau5324.md
http://www.cell.com/article/S0896627316307024/pdf	/Users/wanjun/Desktop/BioRouter/biokf/reviews/exploring-tissue-architecture-spatial-transcriptomics/citations/10.1016_j.neuron.2016.10.001.md
http://www.cell.com/article/S0092867418306470/pdf	/Users/wanjun/Desktop/BioRouter/biokf/reviews/exploring-tissue-architecture-spatial-transcriptomics/citations/10.1016_j.cell.2018.05.035.md
https://hal.science/hal-00622129	/Users/wanjun/Desktop/BioRouter/biokf/reviews/exploring-tissue-architecture-spatial-transcriptomics/citations/10.1016_0165-1684_94_90059-0.md
https://www.biorxiv.org/content/biorxiv/early/2020/11/28/800748.full.pdf	/Users/wanjun/Desktop/BioRouter/biokf/reviews/exploring-tissue-architecture-spatial-transcriptomics/citations/10.1101_800748.md
https://www.biorxiv.org/content/biorxiv/early/2020/09/20/2020.09.18.304147.full.pdf	/Users/wanjun/Desktop/BioRouter/biokf/reviews/exploring-tissue-architecture-spatial-transcriptomics/citations/10.1101_2020.09.18.304147.md
https://europepmc.org/articles/PMC6949128?pdf=render	/Users/wanjun/Desktop/BioRouter/biokf/reviews/exploring-tissue-architecture-spatial-transcriptomics/citations/10.1038_s41592-019-0631-4.md
https://www.biorxiv.org/content/biorxiv/early/2020/10/21/2020.10.19.343129.full.pdf	/Users/wanjun/Desktop/BioRouter/biokf/reviews/exploring-tissue-architecture-spatial-transcriptomics/citations/10.1101_2020.10.19.343129.md
https://europepmc.org/articles/PMC8510508?pdf=render	/Users/wanjun/Desktop/BioRouter/biokf/reviews/exploring-tissue-architecture-spatial-transcriptomics/citations/10.1126_science.abd5059.md
https://europepmc.org/articles/PMC8095368?pdf=render	/Users/wanjun/Desktop/BioRouter/biokf/reviews/exploring-tissue-architecture-spatial-transcriptomics/citations/10.1038_s41593-020-00787-0.md
https://www.biorxiv.org/content/biorxiv/early/2020/10/17/2020.10.17.343335.full.pdf	/Users/wanjun/Desktop/BioRouter/biokf/reviews/exploring-tissue-architecture-spatial-transcriptomics/citations/10.1101_2020.10.17.343335.md
http://www.cell.com/article/S009286742031686X/pdf	/Users/wanjun/Desktop/BioRouter/biokf/reviews/exploring-tissue-architecture-spatial-transcriptomics/citations/10.1016_j.cell.2020.12.016.md
https://www.biorxiv.org/content/biorxiv/early/2021/01/04/2021.01.02.425073.full.pdf	/Users/wanjun/Desktop/BioRouter/biokf/reviews/exploring-tissue-architecture-spatial-transcriptomics/citations/10.1101_2021.01.02.425073.md
http://www.cell.com/article/S0092867420303469/pdf	/Users/wanjun/Desktop/BioRouter/biokf/reviews/exploring-tissue-architecture-spatial-transcriptomics/citations/10.1016_j.cell.2020.03.053.md
https://www.nature.com/articles/s41467-018-04724-5.pdf	/Users/wanjun/Desktop/BioRouter/biokf/reviews/exploring-tissue-architecture-spatial-transcriptomics/citations/10.1038_s41467-018-04724-5.md
https://www.nature.com/articles/s41598-020-60384-w.pdf	/Users/wanjun/Desktop/BioRouter/biokf/reviews/exploring-tissue-architecture-spatial-transcriptomics/citations/10.1038_s41598-020-60384-w.md
https://www.biorxiv.org/content/biorxiv/early/2020/08/25/2020.08.25.267336.full.pdf	/Users/wanjun/Desktop/BioRouter/biokf/reviews/exploring-tissue-architecture-spatial-transcriptomics/citations/10.1101_2020.08.25.267336.md
https://europepmc.org/articles/PMC6689240?pdf=render	/Users/wanjun/Desktop/BioRouter/biokf/reviews/exploring-tissue-architecture-spatial-transcriptomics/citations/10.1016_j.trecan.2019.05.009.md
http://www.cell.com/article/S2589004220307483/pdf	/Users/wanjun/Desktop/BioRouter/biokf/reviews/exploring-tissue-architecture-spatial-transcriptomics/citations/10.1016_j.isci.2020.101556.md
http://www.cell.com/article/S0092867420308151/pdf	/Users/wanjun/Desktop/BioRouter/biokf/reviews/exploring-tissue-architecture-spatial-transcriptomics/citations/10.1016_j.cell.2020.06.038.md
https://www.biorxiv.org/content/biorxiv/early/2020/12/20/2020.12.01.406819.full.pdf	/Users/wanjun/Desktop/BioRouter/biokf/reviews/exploring-tissue-architecture-spatial-transcriptomics/citations/10.1101_2020.12.01.406819.md
https://digitalcommons.lsu.edu/cgi/viewcontent.cgi?article=1830&context=biosci_pubs	/Users/wanjun/Desktop/BioRouter/biokf/reviews/exploring-tissue-architecture-spatial-transcriptomics/citations/10.1038_s41586-020-2877-5.md
https://europepmc.org/articles/PMC7810465?pdf=render	/Users/wanjun/Desktop/BioRouter/biokf/reviews/exploring-tissue-architecture-spatial-transcriptomics/citations/10.7554_elife.62270.md
https://www.nature.com/articles/s41598-019-55441-y.pdf	/Users/wanjun/Desktop/BioRouter/biokf/reviews/exploring-tissue-architecture-spatial-transcriptomics/citations/10.1038_s41598-019-55441-y.md
https://www.biorxiv.org/content/biorxiv/early/2020/12/11/2020.12.10.420463.full.pdf	/Users/wanjun/Desktop/BioRouter/biokf/reviews/exploring-tissue-architecture-spatial-transcriptomics/citations/10.1101_2020.12.10.420463.md
https://genomebiology.biomedcentral.com/track/pdf/10.1186/s13059-019-1902-1	/Users/wanjun/Desktop/BioRouter/biokf/reviews/exploring-tissue-architecture-spatial-transcriptomics/citations/10.1186_s13059-019-1902-1.md
https://genomebiology.biomedcentral.com/track/pdf/10.1186/s13059-021-02277-3	/Users/wanjun/Desktop/BioRouter/biokf/reviews/exploring-tissue-architecture-spatial-transcriptomics/citations/10.1186_s13059-021-02277-3.md
https://genomebiology.biomedcentral.com/counter/pdf/10.1186/s13059-021-02286-2	/Users/wanjun/Desktop/BioRouter/biokf/reviews/exploring-tissue-architecture-spatial-transcriptomics/citations/10.1186_s13059-021-02286-2.md
http://www.cell.com/article/S0092867419305598/pdf	/Users/wanjun/Desktop/BioRouter/biokf/reviews/exploring-tissue-architecture-spatial-transcriptomics/citations/10.1016_j.cell.2019.05.031.md
https://europepmc.org/articles/PMC6700744?pdf=render	/Users/wanjun/Desktop/BioRouter/biokf/reviews/exploring-tissue-architecture-spatial-transcriptomics/citations/10.1038_nbt.4096.md
https://bmcgenomics.biomedcentral.com/counter/pdf/10.1186/s12864-020-06832-3	/Users/wanjun/Desktop/BioRouter/biokf/reviews/exploring-tissue-architecture-spatial-transcriptomics/citations/10.1186_s12864-020-06832-3.md
https://www.biorxiv.org/content/biorxiv/early/2020/05/31/2020.05.31.125658.full.pdf	/Users/wanjun/Desktop/BioRouter/biokf/reviews/exploring-tissue-architecture-spatial-transcriptomics/citations/10.1101_2020.05.31.125658.md
https://genomebiology.biomedcentral.com/track/pdf/10.1186/s13059-019-1874-1	/Users/wanjun/Desktop/BioRouter/biokf/reviews/exploring-tissue-architecture-spatial-transcriptomics/citations/10.1186_s13059-019-1874-1.md
https://www.nature.com/articles/s41598-018-27627-3.pdf	/Users/wanjun/Desktop/BioRouter/biokf/reviews/exploring-tissue-architecture-spatial-transcriptomics/citations/10.1038_s41598-018-27627-3.md
https://academic.oup.com/bioinformatics/article-pdf/21/21/3970/50555092/bioinformatics_21_21_3970.pdf	/Users/wanjun/Desktop/BioRouter/biokf/reviews/exploring-tissue-architecture-spatial-transcriptomics/citations/10.1093_bioinformatics_bti653.md
https://europepmc.org/articles/PMC8763026?pdf=render	/Users/wanjun/Desktop/BioRouter/biokf/reviews/exploring-tissue-architecture-spatial-transcriptomics/citations/10.1038_s41587-021-00935-2.md
https://www.biorxiv.org/content/biorxiv/early/2021/06/01/2020.11.05.368753.full.pdf	/Users/wanjun/Desktop/BioRouter/biokf/reviews/exploring-tissue-architecture-spatial-transcriptomics/citations/10.1101_2020.11.05.368753.md
https://www.nature.com/articles/s41467-020-17900-3.pdf	/Users/wanjun/Desktop/BioRouter/biokf/reviews/exploring-tissue-architecture-spatial-transcriptomics/citations/10.1038_s41467-020-17900-3.md
https://europepmc.org/articles/PMC6350895?pdf=render	/Users/wanjun/Desktop/BioRouter/biokf/reviews/exploring-tissue-architecture-spatial-transcriptomics/citations/10.1038_nmeth.4636.md
https://europepmc.org/articles/PMC7233129?pdf=render	/Users/wanjun/Desktop/BioRouter/biokf/reviews/exploring-tissue-architecture-spatial-transcriptomics/citations/10.1038_s41592-019-0701-7.md
https://europepmc.org/articles/PMC1239896?pdf=render	/Users/wanjun/Desktop/BioRouter/biokf/reviews/exploring-tissue-architecture-spatial-transcriptomics/citations/10.1073_pnas.0506580102.md
https://europepmc.org/articles/PMC3037419?pdf=render	/Users/wanjun/Desktop/BioRouter/biokf/reviews/exploring-tissue-architecture-spatial-transcriptomics/citations/10.1038_75556.md
https://academic.oup.com/nar/article-pdf/28/1/27/9895154/280027.pdf	/Users/wanjun/Desktop/BioRouter/biokf/reviews/exploring-tissue-architecture-spatial-transcriptomics/citations/10.1093_nar_28.1.27.md
https://www.biorxiv.org/content/biorxiv/early/2020/06/04/2020.06.03.131334.full.pdf	/Users/wanjun/Desktop/BioRouter/biokf/reviews/exploring-tissue-architecture-spatial-transcriptomics/citations/10.1101_2020.06.03.131334.md
https://www.nature.com/articles/s42003-020-01247-y.pdf	/Users/wanjun/Desktop/BioRouter/biokf/reviews/exploring-tissue-architecture-spatial-transcriptomics/citations/10.1038_s42003-020-01247-y.md
https://www.biorxiv.org/content/biorxiv/early/2020/11/17/2020.11.15.378125.full.pdf	/Users/wanjun/Desktop/BioRouter/biokf/reviews/exploring-tissue-architecture-spatial-transcriptomics/citations/10.1101_2020.11.15.378125.md
https://europepmc.org/articles/PMC8606190?pdf=render	/Users/wanjun/Desktop/BioRouter/biokf/reviews/exploring-tissue-architecture-spatial-transcriptomics/citations/10.1038_s41587-021-00830-w.md
https://www.biorxiv.org/content/biorxiv/early/2021/05/11/2021.05.10.443517.full.pdf	/Users/wanjun/Desktop/BioRouter/biokf/reviews/exploring-tissue-architecture-spatial-transcriptomics/citations/10.1101_2021.05.10.443517.md
https://www.biorxiv.org/content/biorxiv/early/2021/03/16/2021.03.16.435604.full.pdf	/Users/wanjun/Desktop/BioRouter/biokf/reviews/exploring-tissue-architecture-spatial-transcriptomics/citations/10.1101_2021.03.16.435604.md
https://academic.oup.com/bib/article-pdf/22/5/bbaa414/40261325/bbaa414.pdf	/Users/wanjun/Desktop/BioRouter/biokf/reviews/exploring-tissue-architecture-spatial-transcriptomics/citations/10.1093_bib_bbaa414.md
https://www.biorxiv.org/content/biorxiv/early/2020/09/24/2020.08.29.272831.full.pdf	/Users/wanjun/Desktop/BioRouter/biokf/reviews/exploring-tissue-architecture-spatial-transcriptomics/citations/10.1101_2020.08.29.272831.md
https://www.biorxiv.org/content/biorxiv/early/2021/04/13/2021.04.08.438978.full.pdf	/Users/wanjun/Desktop/BioRouter/biokf/reviews/exploring-tissue-architecture-spatial-transcriptomics/citations/10.1101_2021.04.08.438978.md
https://www.biorxiv.org/content/biorxiv/early/2021/02/03/2021.02.02.429429.full.pdf	/Users/wanjun/Desktop/BioRouter/biokf/reviews/exploring-tissue-architecture-spatial-transcriptomics/citations/10.1101_2021.02.02.429429.md
https://www.biorxiv.org/content/biorxiv/early/2021/02/26/2021.02.25.432887.full.pdf	/Users/wanjun/Desktop/BioRouter/biokf/reviews/exploring-tissue-architecture-spatial-transcriptomics/citations/10.1101_2021.02.25.432887.md
https://europepmc.org/articles/PMC6130801?pdf=render	/Users/wanjun/Desktop/BioRouter/biokf/reviews/exploring-tissue-architecture-spatial-transcriptomics/citations/10.1038_s41586-018-0414-6.md
https://europepmc.org/articles/PMC4123637?pdf=render	/Users/wanjun/Desktop/BioRouter/biokf/reviews/exploring-tissue-architecture-spatial-transcriptomics/citations/10.1126_science.1254257.md
https://europepmc.org/articles/PMC9876615?pdf=render	/Users/wanjun/Desktop/BioRouter/biokf/reviews/exploring-tissue-architecture-spatial-transcriptomics/citations/10.1088_1478-3975_abbe99.md
https://www.nature.com/articles/s41576-020-00292-x.pdf	/Users/wanjun/Desktop/BioRouter/biokf/reviews/exploring-tissue-architecture-spatial-transcriptomics/citations/10.1038_s41576-020-00292-x.md
https://www.biorxiv.org/content/biorxiv/early/2020/03/13/2020.02.28.963413.full.pdf	/Users/wanjun/Desktop/BioRouter/biokf/reviews/exploring-tissue-architecture-spatial-transcriptomics/citations/10.1101_2020.02.28.963413.md
https://www.biorxiv.org/content/biorxiv/early/2021/04/22/2021.04.22.440763.full.pdf	/Users/wanjun/Desktop/BioRouter/biokf/reviews/exploring-tissue-architecture-spatial-transcriptomics/citations/10.1101_2021.04.22.440763.md
https://www.biorxiv.org/content/biorxiv/early/2020/09/05/2020.09.05.284539.full.pdf	/Users/wanjun/Desktop/BioRouter/biokf/reviews/exploring-tissue-architecture-spatial-transcriptomics/citations/10.1101_2020.09.05.284539.md
https://www.nature.com/articles/s41598-020-75708-z.pdf	/Users/wanjun/Desktop/BioRouter/biokf/reviews/exploring-tissue-architecture-spatial-transcriptomics/citations/10.1038_s41598-020-75708-z.md
https://europepmc.org/articles/PMC7878433?pdf=render	/Users/wanjun/Desktop/BioRouter/biokf/reviews/exploring-tissue-architecture-spatial-transcriptomics/citations/10.1038_s41586-020-03126-2.md
https://www.biorxiv.org/content/biorxiv/early/2021/03/12/2021.03.11.434985.full.pdf	/Users/wanjun/Desktop/BioRouter/biokf/reviews/exploring-tissue-architecture-spatial-transcriptomics/citations/10.1101_2021.03.11.434985.md
https://europepmc.org/articles/PMC7537785?pdf=render	/Users/wanjun/Desktop/BioRouter/biokf/reviews/exploring-tissue-architecture-spatial-transcriptomics/citations/10.1038_s41592-020-0890-0.md
http://www.cell.com/article/S0092867420309405/pdf	/Users/wanjun/Desktop/BioRouter/biokf/reviews/exploring-tissue-architecture-spatial-transcriptomics/citations/10.1016_j.cell.2020.07.032.md
https://europepmc.org/articles/PMC7962746?pdf=render	/Users/wanjun/Desktop/BioRouter/biokf/reviews/exploring-tissue-architecture-spatial-transcriptomics/citations/10.1126_science.aay3446.md
http://www.cell.com/article/S2405471218301443/pdf	/Users/wanjun/Desktop/BioRouter/biokf/reviews/exploring-tissue-architecture-spatial-transcriptomics/citations/10.1016_j.cels.2018.04.004.md
https://europepmc.org/articles/PMC5669064?pdf=render	/Users/wanjun/Desktop/BioRouter/biokf/reviews/exploring-tissue-architecture-spatial-transcriptomics/citations/10.1038_nmeth.4380.md
https://europepmc.org/articles/PMC4110905?pdf=render	/Users/wanjun/Desktop/BioRouter/biokf/reviews/exploring-tissue-architecture-spatial-transcriptomics/citations/10.1038_nm.3488.md
https://europepmc.org/articles/PMC6132072?pdf=render	/Users/wanjun/Desktop/BioRouter/biokf/reviews/exploring-tissue-architecture-spatial-transcriptomics/citations/10.1016_j.cell.2018.08.039.md
https://www.nature.com/articles/s41467-019-13858-z.pdf	/Users/wanjun/Desktop/BioRouter/biokf/reviews/exploring-tissue-architecture-spatial-transcriptomics/citations/10.1038_s41467-019-13858-z.md
https://europepmc.org/articles/PMC6075866?pdf=render	/Users/wanjun/Desktop/BioRouter/biokf/reviews/exploring-tissue-architecture-spatial-transcriptomics/citations/10.7554_elife.31657.md
https://europepmc.org/articles/PMC6086938?pdf=render	/Users/wanjun/Desktop/BioRouter/biokf/reviews/exploring-tissue-architecture-spatial-transcriptomics/citations/10.1016_j.cell.2018.07.010.md
https://www.biorxiv.org/content/biorxiv/early/2020/04/28/2020.04.27.060624.full.pdf	/Users/wanjun/Desktop/BioRouter/biokf/reviews/exploring-tissue-architecture-spatial-transcriptomics/citations/10.1101_2020.04.27.060624.md
https://www.biorxiv.org/content/biorxiv/early/2020/10/19/2020.10.13.338475.full.pdf	/Users/wanjun/Desktop/BioRouter/biokf/reviews/exploring-tissue-architecture-spatial-transcriptomics/citations/10.1101_2020.10.13.338475.md
https://www.nature.com/articles/s41378-020-0169-8.pdf	/Users/wanjun/Desktop/BioRouter/biokf/reviews/exploring-tissue-architecture-spatial-transcriptomics/citations/10.1038_s41378-020-0169-8.md
https://www.nature.com/articles/35057062.pdf	/Users/wanjun/Desktop/BioRouter/biokf/reviews/exploring-tissue-architecture-spatial-transcriptomics/citations/10.1038_35057062.md
https://www.pnas.org/content/pnas/116/39/19490.full.pdf	/Users/wanjun/Desktop/BioRouter/biokf/reviews/exploring-tissue-architecture-spatial-transcriptomics/citations/10.1073_pnas.1912459116.md
https://bmcmedgenomics.biomedcentral.com/track/pdf/10.1186/s12920-020-00738-5	/Users/wanjun/Desktop/BioRouter/biokf/reviews/exploring-tissue-architecture-spatial-transcriptomics/citations/10.1186_s12920-020-00738-5.md
https://www.nature.com/articles/s41467-020-20343-5.pdf	/Users/wanjun/Desktop/BioRouter/biokf/reviews/exploring-tissue-architecture-spatial-transcriptomics/citations/10.1038_s41467-020-20343-5.md
https://europepmc.org/articles/PMC6487260?pdf=render	/Users/wanjun/Desktop/BioRouter/biokf/reviews/exploring-tissue-architecture-spatial-transcriptomics/citations/10.1038_nature20777.md
